{
    "numSpeakerPosition": 32,
    "speaker_name": [
        "spk0",
        "spk1",
        "spk2",
        "spk3",
        "spk4",
        "spk5",
        "spk6",
        "spk7",
        "spk8",
        "spk9",
        "spk10",
        "spk11",
        "spk12",
        "spk13",
        "spk14",
        "spk15",
        "spk16",
        "spk17",
        "spk18",
        "spk19",
        "spk20",
        "spk21",
        "spk22",
        "spk23",
        "spk24",
        "spk25",
        "spk26",
        "spk27",
        "spk28",
        "spk29",
        "spk30",
        "spk31"
    ],
    "speaker_posx": [
        -2.499999761581421,
        -2.499999761581421,
        -2.499999761581421,
        -2.499999761581421,
        -2.499999761581421,
        -2.499999761581421,
        -2.499999761581421,
        -2.499999761581421,
        -1.9796371459960938,
        -1.8290189504623414,
        -1.6784005165100098,
        -1.5277823209762574,
        -1.3771641254425049,
        -1.226545810699463,
        -1.075927495956421,
        -0.9253092408180237,
        0.9253090620040894,
        1.0759273767471314,
        1.2265456914901734,
        1.3771638870239258,
        1.5277822017669678,
        1.6784005165100098,
        1.8290187120437623,
        2.5,
        2.499999761581421,
        2.499999761581421,
        2.499999761581421,
        2.499999761581421,
        2.499999761581421,
        2.499999761581421,
        2.499999761581421,
        2.499999761581421
    ],
    "speaker_posy": [
        0.0,
        0.0,
        0.0,
        0.0,
        0.0,
        0.0,
        0.0,
        0.0,
        0.0,
        0.0,
        0.0,
        0.0,
        0.0,
        0.0,
        0.0,
        0.0,
        0.0,
        0.0,
        0.0,
        0.0,
        0.0,
        0.0,
        0.0,
        0.0,
        0.0,
        0.0,
        0.0,
        0.0,
        0.0,
        0.0,
        0.0,
        0.0
    ],
    "speaker_posz": [
        -2.690000057220459,
        -2.506129026412964,
        -2.322258234024048,
        -2.1383872032165529,
        -1.9545162916183472,
        -1.7706453800201417,
        -1.586774468421936,
        -1.402903437614441,
        -0.630980372428894,
        -0.5255163908004761,
        -0.42005226016044619,
        -0.3145882487297058,
        -0.20912417769432069,
        -0.10366013646125794,
        0.0018038898706436158,
        0.10726793110370636,
        0.10726802051067352,
        0.0018039792776107789,
        -0.10366004705429077,
        -0.20912408828735352,
        -0.31458812952041628,
        -0.4200522005558014,
        -0.525516152381897,
        -1.2190322875976563,
        -1.4029033184051514,
        -1.586774230003357,
        -1.770645260810852,
        -1.9545162916183472,
        -2.1383869647979738,
        -2.3222579956054689,
        -2.506129026412964,
        -2.68999981880188
    ],
    "speaker_fwdx": [
        1.0000001192092896,
        1.0000001192092896,
        1.0000001192092896,
        1.0000001192092896,
        1.0000001192092896,
        1.0000001192092896,
        1.0000001192092896,
        1.0000001192092896,
        0.5735763311386108,
        0.5735763311386108,
        0.5735763311386108,
        0.5735763311386108,
        0.5735763311386108,
        0.5735763311386108,
        0.5735763311386108,
        0.5735763311386108,
        -0.5735764503479004,
        -0.5735764503479004,
        -0.5735764503479004,
        -0.5735764503479004,
        -0.5735764503479004,
        -0.5735764503479004,
        -0.5735764503479004,
        -1.0000001192092896,
        -1.0000001192092896,
        -1.0000001192092896,
        -1.0000001192092896,
        -1.0000001192092896,
        -1.0000001192092896,
        -1.0000001192092896,
        -1.0000001192092896,
        -1.0000001192092896
    ],
    "speaker_fwdy": [
        0.0,
        0.0,
        0.0,
        0.0,
        0.0,
        0.0,
        0.0,
        0.0,
        0.0,
        0.0,
        0.0,
        0.0,
        0.0,
        0.0,
        0.0,
        0.0,
        0.0,
        0.0,
        0.0,
        0.0,
        0.0,
        0.0,
        0.0,
        0.0,
        0.0,
        0.0,
        0.0,
        0.0,
        0.0,
        0.0,
        0.0,
        0.0
    ],
    "speaker_fwdz": [
        -3.5762786865234377e-7,
        -3.5762786865234377e-7,
        -3.5762786865234377e-7,
        -3.5762786865234377e-7,
        -3.5762786865234377e-7,
        -3.5762786865234377e-7,
        -3.5762786865234377e-7,
        -3.5762786865234377e-7,
        -0.8191522359848023,
        -0.8191522359848023,
        -0.8191522359848023,
        -0.8191522359848023,
        -0.8191522359848023,
        -0.8191522359848023,
        -0.8191522359848023,
        -0.8191522359848023,
        -0.8191522359848023,
        -0.8191522359848023,
        -0.8191522359848023,
        -0.8191522359848023,
        -0.8191522359848023,
        -0.8191522359848023,
        -0.8191522359848023,
        5.960464477539063e-8,
        5.960464477539063e-8,
        5.960464477539063e-8,
        5.960464477539063e-8,
        5.960464477539063e-8,
        5.960464477539063e-8,
        5.960464477539063e-8,
        5.960464477539063e-8,
        5.960464477539063e-8
    ]
}